{"cameraMode":{"drawMode":0,"name":"Shaded","section":"Shading Mode"},"sceneLighting":true,"audioPlay":false,"sceneViewState":{"m_AlwaysRefresh":false,"showFog":true,"showSkybox":true,"showFlares":true,"showImageEffects":true,"showParticleSystems":true,"showVisualEffectGraphs":true,"m_FxEnabled":true},"in2DMode":false,"pivot":{"x":-11.710408210754395,"y":4.65092134475708,"z":6.880695343017578},"rotation":{"x":0.4345013499259949,"y":-0.031064094975590707,"z":0.015595189295709134,"w":0.900193452835083},"size":18.933263778686525,"orthographic":false}