{"cameraMode":{"drawMode":0,"name":"Shaded","section":"Shading Mode"},"sceneLighting":true,"audioPlay":false,"sceneViewState":{"m_AlwaysRefresh":false,"showFog":true,"showSkybox":true,"showFlares":true,"showImageEffects":true,"showParticleSystems":true,"showVisualEffectGraphs":true,"m_FxEnabled":true},"in2DMode":false,"pivot":{"x":10.694543838500977,"y":3.656863212585449,"z":16.898040771484376},"rotation":{"x":-0.21430735290050507,"y":0.05329793691635132,"z":-0.01171206496655941,"w":-0.9752429723739624},"size":10.234149932861329,"orthographic":false}